<?xml version="1.0"?>
<pagescount>
	<html_total>16</html_total>
	<html_done>16</html_done>
	<images>100</images>
	<script>15</script>
	<css>3</css>
	<pdf>8</pdf>
	<documents/>
	<excel/>
	<powerpoint/>
	<flash/>
	<audios/>
	<videos/>
	<xml/>
	<json/>
	<txt/>
	<autocad/>
	<fonts/>
	<scraping_reload>1</scraping_reload>
	<is_pretty_url>false</is_pretty_url>
	<is_ebn>false</is_ebn>
	<email>suhailphp@gmail.com</email>
	<theme_name>WmdTheme553933</theme_name>
	<server_url_front_page>https://www6.waybackmachinedownloader.com/wdo/files/demo/underwatermagic.eu_suhailphp_gmail.com_3js1o22bn3/</server_url_front_page>
	<no_www_url>underwatermagic.eu</no_www_url>
	<hosted_domain/>
	<original_archive_url>https://underwatermagic.eu/uwm-underwater_magic_original1.html</original_archive_url>
	<final_archive_url>https://underwatermagic.eu/uwm-underwater_magic_original1.html</final_archive_url>
	<front_page_code_date/>
	<total_urls_from_api/>
	<max_reached_live>false</max_reached_live>
	<scrape_other_captures>false</scrape_other_captures>
	<total_size>11908</total_size>
</pagescount>
